{"nodes":{"node:1":{"location":{"x":-88,"y":96}}},"selection":null,"view":{"scroll":{"x":-188.210830688476562,"y":-16.0000534057617188},"zoom":1}}